<?xml version="1.0" encoding="windows-1251"?>
<company id="1" period="31.12.2012" kind="acc"><form id="1"><table id="1"><line id="1000"><col id="4">12033608</col><col id="5">6312902</col><col id="6">8572602</col></line><line id="1110"><col id="4">4791</col><col id="5">6384</col><col id="6">15800</col></line><line id="1120"><col id="4">12444</col><col id="5">15264</col><col id="6">17886</col></line><line id="1140"><col id="4">10586466</col><col id="5">4836857</col><col id="6">6544578</col></line><line id="1150"><col id="4">749146</col><col id="5">517871</col><col id="6">560602</col></line><line id="1210"><col id="4">3597</col><col id="5">3727</col><col id="6">2787</col></line><line id="1220"><col id="4">1409</col><col id="5">1541</col><col id="6">1457</col></line><line id="1240"><col id="4">588</col><col id="5">19131</col><col id="6">55599</col></line><line id="1250"><col id="4">495964</col><col id="5">719564</col><col id="6">1211858</col></line><line id="1270"><col id="4">177383</col><col id="5">190391</col><col id="6">156274</col></line><line id="1290"><col id="4">1820</col><col id="5">2172</col><col id="6">5761</col></line><line id="1300"><col id="4">12033608</col><col id="5">6312902</col><col id="6">8572602</col></line><line id="2000"><col id="4">12033608</col><col id="5">6312902</col><col id="6">8572602</col></line><line id="2100"><col id="4">9208127</col><col id="5">2126288</col><col id="6">1613586</col></line><line id="2110"><col id="4">1238677</col><col id="5">1238677</col><col id="6">1238677</col></line><line id="2140"><col id="4">7863913</col><col id="5">223051</col><col id="6">223051</col></line><line id="2150"><col id="4">61934</col><col id="5">41446</col><col id="6">32453</col></line><line id="2160"><col id="4">43603</col><col id="5">623114</col><col id="6">119405</col></line><line id="2200"><col id="4">2825481</col><col id="5">4186614</col><col id="6">6959016</col></line><line id="2220"><col id="4">852537</col><col id="5">2004695</col><col id="6">2503978</col></line><line id="2230"><col id="4">1795419</col><col id="5">242574</col><col id="6">2783220</col></line><line id="2240"><col id="4">276</col><col id="5">266</col><col id="6">413</col></line><line id="2250"><col id="4">22091</col><col id="5">16753</col></line><line id="2270"><col id="4">118696</col><col id="5">1885843</col><col id="6">1634999</col></line><line id="2290"><col id="4">36462</col><col id="5">36483</col><col id="6">36406</col></line></table></form></company>