<?xml version="1.0" encoding="windows-1251"?>
<company id="1" period="31.12.2012" kind="acc"><form id="2"><table id="1"><line id="2000"><col id="4">108241</col><col id="5">466932</col></line><line id="2100"><col id="4">316137</col><col id="5">3001485</col></line><line id="2110"><col id="4">213811</col><col id="5">2724804</col></line><line id="2120"><col id="4">1982</col><col id="5">1194</col></line><line id="2130"><col id="4">104472</col><col id="5">305492</col></line><line id="2140"><col id="4">-164</col><col id="5">-27617</col></line><line id="2200"><col id="4">408183</col><col id="5">2266348</col></line><line id="2210"><col id="4">1377170</col><col id="5">2423193</col></line><line id="2220"><col id="4">28114</col><col id="5">38801</col></line><line id="2230"><col id="4">7006</col><col id="5">7016</col></line><line id="2240"><col id="4">1008474</col><col id="5">197481</col></line><line id="2250"><col id="4">-18379</col><col id="5">-8851</col></line><line id="2300"><col id="4">39212</col><col id="5">-3690</col></line><line id="2500"><col id="4">5318</col><col id="5">5654</col></line><line id="2600"><col id="4">105985</col><col id="5">168388</col></line><line id="2610"><col id="4">77850</col><col id="5">128594</col></line><line id="2620"><col id="4">28135</col><col id="5">39798</col></line><line id="2630"><col id="5">4</col></line><line id="2700"><col id="4">1550188</col><col id="5">7318717</col></line><line id="2800"><col id="4">1224191</col><col id="5">7225210</col></line><line id="2910"><col id="4">4894</col><col id="5">8281</col></line><line id="2920"><col id="4">58513</col><col id="5">192261</col></line><line id="3000"><col id="4">-158813</col><col id="5">512702</col></line><line id="3100"><col id="4">197922</col><col id="5">258861</col></line><line id="3200"><col id="4">4357656</col><col id="5">9350160</col></line><line id="3300"><col id="4">4566560</col><col id="5">8756368</col></line><line id="3400"><col id="4">-298585</col><col id="5">801863</col></line><line id="3500"><col id="4">6410</col><col id="5">1060</col></line><line id="3510"><col id="4">-22204</col><col id="5">-40089</col></line><line id="3600"><col id="4">-10</col><col id="5">147</col></line><line id="3700"><col id="4">146235</col><col id="5">-6006</col></line><line id="3800"><col id="4">-43</col><col id="5">-282242</col></line><line id="4300"><col id="4">-158813</col><col id="5">512702</col></line></table></form></company>