<?xml version="1.0" encoding="windows-1251"?>
<company id="1" period="31.12.2012" kind="acc"><form id="4"><table id="1"><line id="1000"><col id="3">-1549021</col><col id="4">1627279</col></line><line id="1100"><col id="3">1290417</col><col id="4">5546571</col></line><line id="1110"><col id="3">201856</col><col id="4">2738566</col></line><line id="1120"><col id="3">272</col><col id="4">233</col></line><line id="1130"><col id="3">3747</col><col id="4">4621</col></line><line id="1190"><col id="3">1084542</col><col id="4">2803151</col></line><line id="1200"><col id="3">2839438</col><col id="4">3919292</col></line><line id="1215"><col id="3">1289798</col><col id="4">2251443</col></line><line id="1220"><col id="3">70172</col><col id="4">80640</col></line><line id="1225"><col id="3">15738</col><col id="4">19274</col></line><line id="1230"><col id="3">3092</col><col id="4">4086</col></line><line id="1235"><col id="3">2404</col><col id="4">4074</col></line><line id="1240"><col id="3">5381</col><col id="4">3750</col></line><line id="1250"><col id="3">118032</col><col id="4">144553</col></line><line id="1255"><col id="3">131346</col><col id="4">168057</col></line><line id="1260"><col id="3">14975</col><col id="4">178382</col></line><line id="1265"><col id="3">3934</col><col id="4">123083</col></line><line id="1290"><col id="3">1184566</col><col id="4">941950</col></line><line id="2000"><col id="3">563944</col><col id="4">891585</col></line><line id="2100"><col id="3">564050</col><col id="4">5925444</col></line><line id="2130"><col id="3">1174</col><col id="4">658670</col></line><line id="2140"><col id="3">562876</col><col id="4">1123583</col></line><line id="2190"><col id="4">4143191</col></line><line id="2200"><col id="3">106</col><col id="4">5033859</col></line><line id="2210"><col id="3">106</col><col id="4">463</col></line><line id="2290"><col id="4">5033396</col></line><line id="3000"><col id="3">972786</col><col id="4">-2485458</col></line><line id="3100"><col id="3">1645000</col><col id="4">840000</col></line><line id="3110"><col id="3">1645000</col><col id="4">840000</col></line><line id="3200"><col id="3">672214</col><col id="4">3325458</col></line><line id="3220"><col id="3">492214</col></line><line id="3230"><col id="3">180000</col><col id="4">3325458</col></line><line id="4000"><col id="3">-12291</col><col id="4">33406</col></line><line id="4100"><col id="3">190391</col><col id="4">156274</col></line><line id="4200"><col id="3">177383</col><col id="4">190391</col></line><line id="4300"><col id="3">17134</col><col id="4">20847</col></line></table></form></company>