<?xml version="1.0" encoding="windows-1251"?>
<company id="3252" period="31.12.2013" kind="acc"><form id="1"><table id="1"><line id="1000"><col id="4">149016</col><col id="5">116562</col><col id="6">104604</col></line><line id="1120"><col id="4">1771</col><col id="5">1739</col><col id="6">1666</col></line><line id="1140"><col id="4">85246</col><col id="5">84972</col><col id="6">40565</col></line><line id="1210"><col id="4">101</col><col id="5">115</col><col id="6">86</col></line><line id="1240"><col id="4">7880</col><col id="5">5789</col><col id="6">3881</col></line><line id="1250"><col id="4">21327</col><col id="5">1648</col><col id="6">2244</col></line><line id="1270"><col id="4">32691</col><col id="5">22299</col><col id="6">56162</col></line><line id="1300"><col id="4">149016</col><col id="5">116562</col><col id="6">104604</col></line><line id="2000"><col id="4">149016</col><col id="5">116562</col><col id="6">104604</col></line><line id="2100"><col id="4">93511</col><col id="5">84796</col><col id="6">82505</col></line><line id="2110"><col id="4">60000</col><col id="5">60000</col><col id="6">60000</col></line><line id="2150"><col id="4">739</col><col id="5">739</col><col id="6">739</col></line><line id="2160"><col id="4">32772</col><col id="5">24057</col><col id="6">21766</col></line><line id="2200"><col id="4">55505</col><col id="5">31766</col><col id="6">22099</col></line><line id="2220"><col id="4">36450</col><col id="5">26476</col><col id="6">19045</col></line><line id="2230"><col id="4">8100</col><col id="6">500</col></line><line id="2270"><col id="4">10955</col><col id="5">5290</col><col id="6">2554</col></line></table></form></company>