<?xml version="1.0" encoding="windows-1251"?>
<company id="3252" period="31.12.2013" kind="acc"><form id="2"><table id="1"><line id="2000"><col id="4">45382</col><col id="5">25230</col></line><line id="2100"><col id="4">208762</col><col id="5">145236</col></line><line id="2110"><col id="4">290265</col><col id="5">210933</col></line><line id="2120"><col id="4">75958</col><col id="5">63745</col></line><line id="2130"><col id="4">-7578</col><col id="5">-3860</col></line><line id="2140"><col id="4">2033</col><col id="5">1908</col></line><line id="2200"><col id="4">150726</col><col id="5">111039</col></line><line id="2210"><col id="4">154653</col><col id="5">109977</col></line><line id="2230"><col id="4">6265</col><col id="5">2509</col></line><line id="2240"><col id="4">-2396</col><col id="5">-3571</col></line><line id="2250"><col id="4">58</col></line><line id="2600"><col id="4">13026</col><col id="5">11907</col></line><line id="2610"><col id="4">12279</col><col id="5">11407</col></line><line id="2620"><col id="4">747</col><col id="5">500</col></line><line id="2700"><col id="4">233159</col><col id="5">139309</col></line><line id="2800"><col id="4">232787</col><col id="5">136390</col></line><line id="2910"><col id="4">97</col><col id="5">118</col></line><line id="2920"><col id="4">97</col><col id="5">97</col></line><line id="3000"><col id="4">11415</col><col id="5">5663</col></line><line id="3100"><col id="4">31231</col><col id="5">18018</col></line><line id="3200"><col id="4">426</col><col id="5">596</col></line><line id="3300"><col id="4">253</col><col id="5">1088</col></line><line id="3400"><col id="4">14324</col><col id="5">6720</col></line><line id="3500"><col id="4">2909</col><col id="5">1057</col></line><line id="3510"><col id="4">17</col><col id="5">-306</col></line><line id="4300"><col id="4">11415</col><col id="5">5663</col></line></table></form></company>