<?xml version="1.0" encoding="windows-1251"?>
<company id="3252" period="31.12.2013" kind="acc"><form id="4"><table id="1"><line id="1000"><col id="3">4688</col><col id="4">11590</col></line><line id="1100"><col id="3">295006</col><col id="4">215980</col></line><line id="1110"><col id="3">290300</col><col id="4">210919</col></line><line id="1140"><col id="3">3664</col><col id="4">2873</col></line><line id="1190"><col id="3">1042</col><col id="4">2188</col></line><line id="1200"><col id="3">290318</col><col id="4">204390</col></line><line id="1210"><col id="3">72892</col><col id="4">61354</col></line><line id="1215"><col id="3">155006</col><col id="4">110066</col></line><line id="1220"><col id="3">12047</col><col id="4">11383</col></line><line id="1250"><col id="3">25251</col><col id="4">14232</col></line><line id="1255"><col id="3">5541</col><col id="4">5397</col></line><line id="1260"><col id="3">17</col><col id="4">13</col></line><line id="1265"><col id="3">2470</col><col id="4">808</col></line><line id="1290"><col id="3">17094</col><col id="4">1137</col></line><line id="2000"><col id="3">303</col><col id="4">-41582</col></line><line id="2100"><col id="3">233304</col><col id="4">147641</col></line><line id="2120"><col id="3">232525</col><col id="4">73764</col></line><line id="2130"><col id="4">73640</col></line><line id="2140"><col id="3">779</col><col id="4">237</col></line><line id="2200"><col id="3">233001</col><col id="4">189223</col></line><line id="2220"><col id="3">232978</col><col id="4">147299</col></line><line id="2230"><col id="4">41924</col></line><line id="2290"><col id="3">23</col></line><line id="3000"><col id="3">5401</col><col id="4">-3871</col></line><line id="3100"><col id="3">8100</col><col id="4">2000</col></line><line id="3110"><col id="3">8100</col><col id="4">2000</col></line><line id="3200"><col id="3">2699</col><col id="4">5871</col></line><line id="3220"><col id="3">2699</col><col id="4">3371</col></line><line id="3230"><col id="4">2500</col></line><line id="4000"><col id="3">10392</col><col id="4">-33863</col></line><line id="4100"><col id="3">22299</col><col id="4">56162</col></line><line id="4200"><col id="3">32691</col><col id="4">22299</col></line></table></form></company>