<?xml version="1.0" encoding="windows-1251"?>
<company id="3920" period="31.12.2012" kind="acc"><form id="1"><table id="1"><line id="1000"><col id="4">248510</col><col id="5">287460</col><col id="6">152231</col></line><line id="1120"><col id="1">2210</col><col id="4">26586</col><col id="5">928</col><col id="6">1483</col></line><line id="1140"><col id="1">3100</col><col id="4">105051</col><col id="5">162543</col><col id="6">48486</col></line><line id="1150"><col id="6">8</col></line><line id="1210"><col id="1">4100</col><col id="4">59</col><col id="5">169</col><col id="6">673</col></line><line id="1240"><col id="1">8120</col><col id="4">41884</col><col id="5">15022</col><col id="6">19745</col></line><line id="1250"><col id="1">5000</col><col id="4">69814</col><col id="5">77232</col><col id="6">36913</col></line><line id="1270"><col id="4">5116</col><col id="5">31566</col><col id="6">44923</col></line><line id="1300"><col id="4">248510</col><col id="5">287460</col><col id="6">152231</col></line><line id="2000"><col id="4">248510</col><col id="5">287460</col><col id="6">152231</col></line><line id="2100"><col id="4">131987</col><col id="5">125960</col><col id="6">32272</col></line><line id="2110"><col id="4">123400</col><col id="5">123400</col><col id="6">30000</col></line><line id="2150"><col id="4">1127</col><col id="5">1127</col><col id="6">1113</col></line><line id="2160"><col id="4">7460</col><col id="5">1433</col><col id="6">1159</col></line><line id="2200"><col id="4">116523</col><col id="5">161500</col><col id="6">119959</col></line><line id="2220"><col id="1">8120</col><col id="4">76402</col><col id="5">130568</col><col id="6">94799</col></line><line id="2230"><col id="1">7910</col><col id="5">228</col><col id="6">20934</col></line><line id="2240"><col id="4">1284</col><col id="5">203</col></line><line id="2270"><col id="1">7000</col><col id="4">38602</col><col id="5">29970</col><col id="6">3568</col></line><line id="2290"><col id="4">235</col><col id="5">531</col><col id="6">658</col></line></table></form></company>