<?xml version="1.0" encoding="windows-1251"?>
<company id="3920" period="31.12.2012" kind="acc"><form id="2"><table id="1"><line id="2000"><col id="4">20590</col><col id="5">17987</col></line><line id="2100"><col id="4">52728</col><col id="5">278738</col></line><line id="2110"><col id="1">8410</col><col id="4">28395</col><col id="5">306290</col></line><line id="2120"><col id="1">8440</col><col id="4">3598</col><col id="5">34782</col></line><line id="2130"><col id="1">8420</col><col id="4">35881</col><col id="5">15229</col></line><line id="2140"><col id="1">8450</col><col id="4">-7950</col><col id="5">-7999</col></line><line id="2200"><col id="1">8500</col><col id="4">-14995</col><col id="5">171213</col></line><line id="2210"><col id="1">8510, 8560</col><col id="4">63532</col><col id="5">131333</col></line><line id="2220"><col id="1">8573</col><col id="4">52</col><col id="5">33</col></line><line id="2230"><col id="1">8535</col><col id="4">3271</col><col id="5">7804</col></line><line id="2240"><col id="1">8580</col><col id="4">40496</col><col id="5">-50927</col></line><line id="2250"><col id="1">8590</col><col id="4">34812</col><col id="5">3276</col></line><line id="2300"><col id="1">8124,
8224</col><col id="4">-22211</col><col id="5">-71</col></line><line id="2500"><col id="1">8600</col><col id="5">2761</col></line><line id="2600"><col id="4">9452</col><col id="5">92251</col></line><line id="2610"><col id="1">8740</col><col id="4">8785</col><col id="5">34046</col></line><line id="2620"><col id="4">960</col><col id="5">60295</col></line><line id="2630"><col id="1">8750</col><col id="4">293</col><col id="5">2090</col></line><line id="2700"><col id="1">9100</col><col id="4">44725</col><col id="5">95103</col></line><line id="2800"><col id="1">9200</col><col id="4">44213</col><col id="5">89558</col></line><line id="2910"><col id="1">9400</col><col id="4">11474</col></line><line id="2920"><col id="1">9500</col><col id="4">27456</col></line><line id="3000"><col id="4">6027</col><col id="5">288</col></line><line id="3100"><col id="1">9600</col><col id="4">14649</col><col id="5">21356</col></line><line id="3200"><col id="1">9620</col><col id="4">338204</col><col id="5">92869</col></line><line id="3300"><col id="1">9630</col><col id="4">337825</col><col id="5">88377</col></line><line id="3400"><col id="4">6320</col><col id="5">1123</col></line><line id="3500"><col id="4">293</col><col id="5">633</col></line><line id="3510"><col id="5">635</col></line><line id="3600"><col id="5">-194</col></line><line id="3700"><col id="5">-8</col></line><line id="4300"><col id="4">6027</col><col id="5">288</col></line></table></form></company>