<?xml version="1.0" encoding="windows-1251"?>
<company id="3920" period="31.12.2012" kind="acc"><form id="3"><table id="1"><line id="1000"><col id="3">30000</col><col id="6">1113</col><col id="7">1159</col><col id="8">32272</col></line><line id="1100"><col id="3">93400</col><col id="7">288</col><col id="8">93688</col></line><line id="1110"><col id="7">288</col><col id="8">288</col></line><line id="1140"><col id="3">93400</col><col id="8">93400</col></line><line id="1400"><col id="6">14</col><col id="7">14</col></line><line id="2000"><col id="3">123400</col><col id="6">1127</col><col id="7">1433</col><col id="8">125960</col></line><line id="2100"><col id="7">6027</col><col id="8">6027</col></line><line id="2110"><col id="7">6027</col><col id="8">6027</col></line><line id="3000"><col id="3">123400</col><col id="6">1127</col><col id="7">7460</col><col id="8">131987</col></line></table><table id="3"><line id="6000"><col id="3">131987</col><col id="4">125960</col><col id="5">32272</col></line></table></form></company>