<?xml version="1.0" encoding="windows-1251"?>
<company id="3920" period="31.12.2012" kind="acc"><form id="4"><table id="1"><line id="1000"><col id="3">-59241</col><col id="4">20615</col></line><line id="1100"><col id="3">23614</col><col id="4">251206</col></line><line id="1110"><col id="3">21290</col><col id="4">233196</col></line><line id="1120"><col id="3">461</col><col id="4">243</col></line><line id="1140"><col id="3">26</col><col id="4">7261</col></line><line id="1190"><col id="3">1837</col><col id="4">10506</col></line><line id="1200"><col id="3">82855</col><col id="4">230591</col></line><line id="1210"><col id="3">594</col><col id="4">25090</col></line><line id="1215"><col id="3">46305</col><col id="4">128017</col></line><line id="1220"><col id="3">1194</col><col id="4">21686</col></line><line id="1225"><col id="3">52</col><col id="4">18</col></line><line id="1250"><col id="3">6637</col><col id="4">14270</col></line><line id="1255"><col id="3">20033</col><col id="4">25690</col></line><line id="1265"><col id="3">154</col><col id="4">823</col></line><line id="1290"><col id="3">7886</col><col id="4">14997</col></line><line id="2000"><col id="3">32791</col><col id="4">-106747</col></line><line id="2100"><col id="3">180566</col><col id="4">273070</col></line><line id="2130"><col id="3">63986</col><col id="4">268192</col></line><line id="2140"><col id="3">2666</col><col id="4">4878</col></line><line id="2190"><col id="3">113914</col></line><line id="2200"><col id="3">147775</col><col id="4">379817</col></line><line id="2220"><col id="4">11000</col></line><line id="2230"><col id="3">83200</col><col id="4">368817</col></line><line id="2290"><col id="3">64575</col></line><line id="3000"><col id="4">72775</col></line><line id="3100"><col id="4">98629</col></line><line id="3110"><col id="4">5229</col></line><line id="3130"><col id="4">93400</col></line><line id="3200"><col id="4">25854</col></line><line id="3230"><col id="4">25854</col></line><line id="4000"><col id="3">-26450</col><col id="4">-13357</col></line><line id="4100"><col id="3">31566</col><col id="4">44923</col></line><line id="4200"><col id="3">5116</col><col id="4">31566</col></line></table></form></company>