<?xml version="1.0" encoding="windows-1251"?>
<company id="2" period="31.12.2012" kind="acc"><form id="1"><table id="1"><line id="1000"><col id="4">8821756</col><col id="5">8544537</col><col id="6">7354358</col></line><line id="1110"><col id="4">6614</col><col id="5">8339</col></line><line id="1120"><col id="4">649408</col><col id="5">683564</col><col id="6">706773</col></line><line id="1140"><col id="4">5653234</col><col id="5">4741279</col><col id="6">3745999</col></line><line id="1150"><col id="4">1897</col><col id="5">1895</col><col id="6">101622</col></line><line id="1210"><col id="4">14126</col><col id="5">18009</col><col id="6">46408</col></line><line id="1240"><col id="4">665248</col><col id="5">350127</col><col id="6">219834</col></line><line id="1250"><col id="4">1398465</col><col id="5">2650831</col><col id="6">2443486</col></line><line id="1270"><col id="4">414531</col><col id="5">90493</col><col id="6">90236</col></line><line id="1290"><col id="4">18233</col></line><line id="1300"><col id="4">8821756</col><col id="5">8544537</col><col id="6">7354358</col></line><line id="2000"><col id="4">8821756</col><col id="5">8544537</col><col id="6">7354358</col></line><line id="2100"><col id="4">2943245</col><col id="5">2798736</col><col id="6">2650530</col></line><line id="2110"><col id="4">2000000</col><col id="5">2000000</col><col id="6">2000000</col></line><line id="2130"><col id="4">8092</col><col id="5">11890</col></line><line id="2140"><col id="4">516688</col><col id="5">504798</col><col id="6">504798</col></line><line id="2150"><col id="4">37807</col><col id="5">30986</col><col id="6">24170</col></line><line id="2160"><col id="4">380658</col><col id="5">251062</col><col id="6">121562</col></line><line id="2200"><col id="4">5878511</col><col id="5">5745801</col><col id="6">4703828</col></line><line id="2210"><col id="4">2787</col><col id="5">3395</col><col id="6">3968</col></line><line id="2220"><col id="4">4538600</col><col id="5">4528666</col><col id="6">3376533</col></line><line id="2230"><col id="4">149011</col><col id="5">315601</col><col id="6">428581</col></line><line id="2240"><col id="4">3201</col><col id="5">3309</col><col id="6">4447</col></line><line id="2250"><col id="4">28360</col><col id="5">20050</col></line><line id="2270"><col id="4">1150610</col><col id="5">868845</col><col id="6">882402</col></line><line id="2280"><col id="6">2116</col></line><line id="2290"><col id="4">5942</col><col id="5">5935</col><col id="6">5781</col></line></table></form></company>