<?xml version="1.0" encoding="windows-1251"?>
<company id="2" period="31.12.2012" kind="acc"><form id="4"><table id="1"><line id="1000"><col id="3">723127</col><col id="4">1351036</col></line><line id="1100"><col id="3">7664228</col><col id="4">6824822</col></line><line id="1110"><col id="3">3325659</col><col id="4">3731613</col></line><line id="1120"><col id="3">166565</col><col id="4">166978</col></line><line id="1130"><col id="3">108441</col><col id="4">54061</col></line><line id="1140"><col id="3">42559</col><col id="4">97345</col></line><line id="1190"><col id="3">4021004</col><col id="4">2774825</col></line><line id="1200"><col id="3">6941101</col><col id="4">5473786</col></line><line id="1210"><col id="3">144768</col><col id="4">86205</col></line><line id="1215"><col id="3">2764360</col><col id="4">2323291</col></line><line id="1220"><col id="3">953692</col><col id="4">962864</col></line><line id="1225"><col id="3">43870</col><col id="4">21370</col></line><line id="1230"><col id="3">408216</col><col id="4">284386</col></line><line id="1235"><col id="3">60150</col><col id="4">50252</col></line><line id="1240"><col id="3">67450</col><col id="4">61889</col></line><line id="1250"><col id="3">691191</col><col id="4">768075</col></line><line id="1255"><col id="3">450235</col><col id="4">427370</col></line><line id="1290"><col id="3">1357169</col><col id="4">488084</col></line><line id="2000"><col id="3">-235290</col><col id="4">-1224638</col></line><line id="2100"><col id="3">1541489</col><col id="4">7152310</col></line><line id="2110"><col id="3">23</col><col id="4">788</col></line><line id="2130"><col id="3">1358833</col><col id="4">7147012</col></line><line id="2140"><col id="3">1920</col><col id="4">4510</col></line><line id="2190"><col id="3">180713</col></line><line id="2200"><col id="3">1776779</col><col id="4">8376948</col></line><line id="2230"><col id="3">1409967</col><col id="4">8376948</col></line><line id="2290"><col id="3">366812</col></line><line id="3000"><col id="3">-161568</col><col id="4">-126291</col></line><line id="3100"><col id="3">310082</col><col id="4">36206</col></line><line id="3110"><col id="3">310082</col><col id="4">36206</col></line><line id="3200"><col id="3">471650</col><col id="4">162497</col></line><line id="3230"><col id="3">470740</col><col id="4">161988</col></line><line id="3290"><col id="3">910</col><col id="4">509</col></line><line id="4000"><col id="3">326269</col><col id="4">107</col></line><line id="4100"><col id="3">90493</col><col id="4">90236</col></line><line id="4200"><col id="3">414531</col><col id="4">90493</col></line><line id="4300"><col id="3">-2231</col><col id="4">150</col></line></table></form></company>